{
  "wallet": 0.14529153952221713,
  "wnfw": 137.6937991934236
}