{
  "wallet": 0.15964392047459797,
  "wnfw": 138.124370621995
}